

INSERT INTO `m11practicafinal`.`trabajador`
(`iden`,`dni`,`nombre`,`apellidos`,`correo`,`contrasena`,`telefono`,`tipo`)
VALUES
(0,"10101010P","Pruebas","Pruebas","pruebas@alpeso.com","Pruebas",000000,"Empleado"),
(100,"10010010A","Admin","Admin","admin@alpeso.com","RRHH",1111111,"RRHH"),
(1,"06549887P","trabajador1","apellido1","trabajador1@alpeso.com","trabajador1",681298765,"RRHH"),
(2,"06549923L","trabajador2","apellido2","trabajador2@alpeso.com","trabajador2",681777654,"Empleado"),
(3,"09119887P","trabajador3","apellido3","trabajador3@alpeso.com","trabajador3",771293765,"RRHH"),
(4,"03249983S","trabajador4","apellido4","trabajador4@alpeso.com","trabajador4",611492654,"Empleado"),
(5,"09111117M","trabajador5","apellido5","trabajador5@alpeso.com","trabajador5",661294445,"Empleado"),
(6,"03249983S","trabajador6","apellido6","trabajador6@alpeso.com","trabajador6",697461324,"RRHH"),
(7,"08767899G","trabajador7","apellido7","trabajador7@alpeso.com","trabajador7",612397888,"Empleado"),
(8,"03241183D","trabajador8","apellido8","trabajador8@alpeso.com","trabajador8",612983654,"RRHH"),
(9,"09976553K","trabajador9","apellido9","trabajador9@alpeso.com","trabajador9",661291111,"Empleado"),
(10,"87654443Y","trabajador10","apellido10","trabajador10@alpeso.com","trabajador10",693777777,"RRHH"),
(11,"02226553A","trabajador11","apellido11","trabajador11@alpeso.com","trabajador11",661299999,"RRHH"),
(12,"98766667I","trabajador12","apellido12","trabajador12@alpeso.com","trabajador12",600292010,"Empleado"),
(13,"77654332Q","trabajador13","apellido13","trabajador13@alpeso.com","trabajador13",698666678,"Empleado"),
(14,"87654443X","trabajador14","apellido14","trabajador14@alpeso.com","trabajador14",601999293,"RRHH"),
(15,"12309009D","trabajador15","apellido15","trabajador15@alpeso.com","trabajador15",612121098,"Empleado"),
(16,"09878991R","trabajador16","apellido16","trabajador16@alpeso.com","trabajador16",612149145,"RRHH");
INSERT INTO `m11practicafinal`.`empresa`
(`cif`,`nombre`,`direccion`,`codigo_postal`,`poblacion`,`provincia`,`telefono`)
VALUES
("111111","Ferrovial","C/ Miguel Carmona N.2",26809,"Coslada","Madrid",621887945),
("222222","Bankia","C/ Francisco Ayala N.101",24301,"Alcobendas","Madrid",690020987),
("333333","Mafre","C/ De los Cantos N.9",29001,"Illana","Cuenca",969133776),
("444444","Evolutio","C/ Jorge Moreno N.87",28806,"Vicálvaro","Madrid",918657672),
("555555","Tompla","C/ Grande N.3",22310,"Getafe","Madrid",612234677),
("666666","Everis","C/ Joaquín Costa N.1",28801,"Madrid","Madrid",687655549),
("777777","Cuñado","C/ de la Acebeda N.66",28802,"Villalba","Madrid",678296154),
("888888","BioNet","C/ Zenobia Camprubí N.17",28831,"Madrid","Madrid",609087145);
INSERT INTO `m11practicafinal`.`peticiones`
(`reqid`,`iden`,`concepto`,`resolucion`,`inicio`,`fin`,`tipo`)
VALUES
(0,0,"Semana Santa","Aprobada",'2021-04-21 08:00:00','2021-04-27 08:00:00',"Vacaciones"),
(1,1,"Semana Santa","Aprobada",'2021-04-21 08:00:00','2021-04-27 08:00:00',"Vacaciones"),
(2,2,"Fiebre","Pendiente",'2021-02-26 09:00:00','2021-02-28 08:00:00',"Días libres"),
(3,3,"Semana puente de Mayo","Aprobada",'2021-05-01 08:00:00','2021-05-05 08:00:00',"Vacaciones"),
(4,4,"Médico","Pendiente",'2021-03-23 10:00:00','2021-03-23 08:00:00',"Horas libres"),
(5,5,"Verano","Aprobada",'2021-07-30 11:00:00','2021-08-07 08:00:00',"Vacaciones"),
(6,6,"Examen","Denegada",'2021-03-05 13:00:00','2021-03-05 08:00:00',"Horas libres"),
(7,7,"Verano","Aprobada",'2021-06-07 07:00:00','2021-06-21 08:00:00',"Vacaciones"),
(8,8,"Operación familiar","Pendiente",'2021-04-20 14:00:00','2021-04-22 08:00:00',"Días libres"),
(9,9,"Viaje","Denegada",'2021-05-09 09:00:00','2021-05-12 08:00:00',"Días libres"),
(10,10,"Médico","Denegada",'2021-03-01 08:00:00','2021-03-01 08:00:00',"Horas libres"),
(11,11,"Operación Familiar","Pendiente",'2021-02-26 13:00:00','2021-02-28 08:00:00',"Días libres"),
(12,12,"Verano","Denegada",'2021-08-08 08:00:00','2021-08-21 15:00:00',"Vacaciones"),
(13,13,"Examen","Aprobada",'2021-03-29 08:00:00','2021-03-29 14:00:00',"Horas libres"),
(14,14,"Viaje","Pendiente",'2021-04-17 08:00:00','2021-04-19 10:00:00',"Días libres"),
(15,15,"Días pendientes","Aprobada",'2021-09-15 08:00:00','2021-09-21 08:00:00',"Vacaciones"),
(16,0,"Examen","Aprobada",'2021-03-29 08:00:00','2021-03-29 14:00:00',"Horas libres"),
(17,0,"Viaje","Pendiente",'2021-04-17 08:00:00','2021-04-19 10:00:00',"Días libres"),
(18,0,"Días pendientes","Aprobada",'2021-09-15 08:00:00','2021-09-21 08:00:00',"Vacaciones");
INSERT INTO `m11practicafinal`.`proyecto`
(`id`,`tiempo`,`descripcion`,`cif_empresa`)
VALUES
("1",25,"Ferrovial1",111111),
("2",100,"Ferrovial2",111111),
("3",67,"Ferrovial3",111111),
("4",98,"Ferrovial4",111111),
("5",40,"Ferrovial5",111111),
("6",50,"Ferrovial6",111111),
("7",60,"Bankia1",222222),
("8",70,"Bankia2",222222),
("9",55,"Bankia3",222222),
("10",45,"Mafre1",333333),
("11",76,"Mafre2",333333),
("12",53,"Mafre3",333333),
("13",90,"Mafre4",333333),
("14",100,"Mafre5",333333),
("15",26,"Evolutio1",444444),
("16",30,"Evolutio2",444444),
("17",40,"Evolutio3",444444),
("18",120,"Tompla1",555555),
("19",50,"Tompla2",555555),
("20",60,"Tompla3",555555),
("21",35,"Tompla4",555555),
("22",35,"Tompla5",555555),
("23",200,"Everis1",666666),
("24",90,"Everis2",666666),
("25",30,"Everis3",666666),
("26",25,"Everis4",666666),
("27",90,"Everis5",666666),
("28",50,"Cuñado1",777777),
("29",20,"Cuñado2",777777),
("30",70,"Cuñado3",777777),
("31",65,"Cuñado4",777777),
("32",35,"BioNet1",888888),
("33",68,"BioNet2",888888),
("34",90,"BioNet3",888888),
("35",54,"BioNet4",888888);
INSERT INTO `m11practicafinal`.`proyecto_trabajadores`
(`id_proyecto`,`iden_trabajador`,`horas`)
VALUES
("1",1,25),
("1",2,25),
("1",3,25),
("1",4,25),
("1",5,25),
("2",1,100),
("2",2,100),
("2",3,100),
("3",4,67),
("3",5,67),
("3",1,67),
("3",2,67),
("4",3,98),
("4",4,98),
("4",5,98),
("4",1,98),
("5",2,40),
("5",3,40),
("5",4,40),
("5",5,40),
("6",1,50),
("6",2,50),
("6",3,50),
("7",6,60),
("7",7,60),
("7",8,60),
("7",9,60),
("8",6,70),
("8",7,70),
("8",8,70),
("8",9,70),
("8",10,70),
("8",11,70),
("9",6,55),
("9",7,55),
("9",8,55),
("10",12,45),
("10",13,45),
("10",14,45),
("11",13,76),
("11",14,76),
("11",12,76),
("12",12,53),
("12",13,53),
("13",14,90),
("13",13,90),
("14",15,100),
("14",16,100),
("14",1,100),
("15",1,26),
("15",15,26),
("15",16,26),
("15",3,26),
("15",2,26),
("16",1,30),
("16",2,30),
("17",15,40),
("17",0,40),
("17",16,40),
("17",2,40),
("17",3,40),
("18",4,120),
("18",5,120),
("18",6,120),
("19",0,50),
("19",5,50),
("19",6,50),
("20",4,60),
("20",5,60),
("20",6,60),
("21",7,35),
("21",8,35),
("21",9,35),
("22",7,35),
("22",8,35),
("22",0,35),
("22",10,35),
("23",11,200),
("23",12,200),
("23",13,200),
("24",11,90),
("24",12,90),
("24",13,90),
("25",11,30),
("25",12,30),
("25",13,30),
("26",15,25),
("26",16,25),
("26",1,25),
("26",2,25),
("27",15,90),
("27",16,90),
("27",1,90),
("28",15,50),
("28",2,50),
("29",3,20),
("29",4,20),
("29",5,20),
("30",4,70),
("30",5,70),
("30",6,70),
("31",7,65),
("31",8,65),
("32",9,35),
("32",7,35),
("32",8,35),
("32",10,35),
("33",9,68),
("33",10,68),
("33",8,68),
("34",11,90),
("34",12,90),
("34",13,90),
("35",14,54),
("35",15,54),
("35",16,54),
("35",11,54);
INSERT INTO `m11practicafinal`.`registroempleado`
(`entrada`,`salida`,`iden_trabajador`,`fecha`)
VALUES
('2021-01-20 08:00:00','2021-09-20 18:30:00' ,0,'2021-01-20'),
('2021-01-21 08:00:00','2021-09-21 18:00:00' ,0,'2021-01-21'),
('2021-01-22 08:00:00','2021-09-22 18:30:00' ,0,'2021-01-22'),
('2021-01-23 08:00:00','2021-09-23 15:30:00' ,0,'2021-01-23'),
('2021-01-20 08:00:00','2021-09-20 18:30:00' ,1,'2021-01-20'),
('2021-01-21 08:00:00','2021-09-21 18:00:00' ,1,'2021-01-21'),
('2021-01-22 08:00:00','2021-09-22 18:30:00' ,1,'2021-01-22'),
('2021-01-23 08:00:00','2021-09-23 15:30:00' ,1,'2021-01-23'),
('2021-01-20 08:00:00','2021-09-20 18:30:00' ,2,'2021-01-20'),
('2021-01-21 08:00:00','2021-09-21 18:30:00' ,2,'2021-01-21'),
('2021-01-22 08:00:00','2021-09-22 18:30:00' ,2,'2021-01-22'),
('2021-01-23 08:00:00','2021-09-23 18:00:00' ,2,'2021-01-23'),
('2021-01-20 08:00:00','2021-09-20 18:00:00' ,3,'2021-01-20'),
('2021-01-21 08:00:00','2021-09-21 18:00:00' ,3,'2021-01-21'),
('2021-01-22 08:00:00','2021-09-22 18:00:00' ,3,'2021-01-22'),
('2021-01-23 08:00:00','2021-09-23 18:00:00' ,3,'2021-01-23'),
('2021-01-20 08:00:00','2021-09-20 18:00:00' ,4,'2021-01-20'),
('2021-01-21 08:00:00','2021-09-21 18:00:00' ,4,'2021-01-21'),
('2021-01-22 08:00:00','2021-09-22 18:00:00' ,4,'2021-01-22'),
('2021-01-23 08:00:00','2021-09-23 18:00:00' ,4,'2021-01-23'),
('2021-01-20 08:00:00','2021-09-20 18:00:00' ,5,'2021-01-20'),
('2021-01-21 08:00:00','2021-09-21 18:00:00' ,5,'2021-01-21'),
('2021-01-22 08:00:00','2021-09-22 18:00:00' ,5,'2021-01-22'),
('2021-01-23 08:00:00','2021-09-23 18:00:00' ,5,'2021-01-23'),
('2021-01-20 08:00:00','2021-09-20 14:30:00' ,6,'2021-01-20'),
('2021-01-21 08:00:00','2021-09-21 14:30:00' ,6,'2021-01-21'),
('2021-01-22 08:00:00','2021-09-22 14:30:00' ,6,'2021-01-22'),
('2021-01-23 08:00:00','2021-09-23 14:30:00' ,6,'2021-01-23'),
('2021-01-20 08:00:00','2021-09-20 14:30:00' ,7,'2021-01-20'),
('2021-01-21 08:00:00','2021-09-21 14:30:00' ,7,'2021-01-21'),
('2021-01-22 08:00:00','2021-09-22 14:30:00' ,7,'2021-01-22'),
('2021-01-23 08:00:00','2021-09-23 14:30:00' ,7,'2021-01-23'),
('2021-01-20 08:00:00','2021-09-20 15:30:00' ,8,'2021-01-20'),
('2021-01-21 08:00:00','2021-09-21 15:30:00' ,8,'2021-01-21'),
('2021-01-22 08:00:00','2021-09-22 15:30:00' ,8,'2021-01-22'),
('2021-01-23 08:00:00','2021-09-23 15:30:00' ,8,'2021-01-23'),
('2021-01-20 08:00:00','2021-09-20 15:30:00' ,9,'2021-01-20'),
('2021-01-21 08:00:00','2021-09-21 15:30:00' ,9,'2021-01-21'),
('2021-01-22 08:00:00','2021-09-22 15:30:00' ,9,'2021-01-22'),
('2021-01-23 08:00:00','2021-09-23 15:30:00' ,9,'2021-01-23'),
('2021-01-20 08:00:00','2021-09-20 15:30:00' ,10,'2021-01-20'),
('2021-01-21 08:00:00','2021-09-21 15:30:00' ,10,'2021-01-21'),
('2021-01-22 08:00:00','2021-09-22 15:30:00' ,10,'2021-01-22'),
('2021-01-23 08:00:00','2021-09-23 15:30:00' ,10,'2021-01-23'),
('2021-01-20 08:00:00','2021-09-20 15:30:00' ,11,'2021-01-20'),
('2021-01-21 08:00:00','2021-09-21 15:30:00' ,11,'2021-01-21'),
('2021-01-22 08:00:00','2021-09-22 15:30:00' ,11,'2021-01-22'),
('2021-01-23 08:00:00','2021-09-23 15:30:00' ,11,'2021-01-23'),
('2021-01-20 08:00:00','2021-09-20 18:30:00' ,12,'2021-01-20'),
('2021-01-21 08:00:00','2021-09-21 18:30:00' ,12,'2021-01-21'),
('2021-01-22 08:00:00','2021-09-22 18:00:00' ,12,'2021-01-22'),
('2021-01-23 08:00:00','2021-09-23 18:00:00' ,12,'2021-01-23'),
('2021-01-20 08:00:00','2021-09-20 18:00:00' ,13,'2021-01-20'),
('2021-01-21 08:00:00','2021-09-21 18:00:00' ,13,'2021-01-21'),
('2021-01-22 08:00:00','2021-09-22 18:00:00' ,13,'2021-01-22'),
('2021-01-23 08:00:00','2021-09-23 18:00:00' ,13,'2021-01-23'),
('2021-01-20 08:00:00','2021-09-20 18:00:00' ,14,'2021-01-20'),
('2021-01-21 08:00:00','2021-09-21 18:00:00' ,14,'2021-01-21'),
('2021-01-22 08:00:00','2021-09-22 18:00:00' ,14,'2021-01-22'),
('2021-01-23 08:00:00','2021-09-23 18:00:00' ,14,'2021-01-23'),
('2021-01-20 08:00:00','2021-09-20 18:00:00' ,15,'2021-01-20'),
('2021-01-21 08:00:00','2021-09-21 18:00:00' ,15,'2021-01-21'),
('2021-01-22 08:00:00','2021-09-22 18:00:00' ,15,'2021-01-22'),
('2021-01-23 08:00:00','2021-09-23 18:00:00' ,15,'2021-01-23'),
('2021-01-20 08:00:00','2021-09-20 18:00:00' ,16,'2021-01-20'),
('2021-01-21 08:00:00','2021-09-21 18:00:00' ,16,'2021-01-21'),
('2021-01-22 08:00:00','2021-09-22 18:00:00' ,16,'2021-01-22'),
('2021-01-23 08:00:00','2021-09-23 18:00:00' ,16,'2021-01-23');
INSERT INTO `m11practicafinal`.`vacaciones`
(`inicio`,`fin`,`iden_trabajador`,`tipo`,`concepto`)
VALUES
('2021-07-20 15:00:00','2021-07-27 18:00:00',0,"Vacaciones","Verano"),
('2021-08-10 08:00:00','2021-08-10 19:00:00',0,"Horas libres","Médico"),
('2021-03-15 09:00:00','2021-03-16 15:00:00',0,"Días libres","Fiebre"),
('2021-07-20 15:00:00','2021-07-27 18:00:00',1,"Vacaciones","Verano"),
('2021-08-10 08:00:00','2021-08-10 19:00:00',2,"Horas libres","Médico"),
('2021-03-15 09:00:00','2021-03-16 15:00:00',3,"Días libres","Fiebre"),
('2021-04-12 10:00:00','2021-04-28 20:00:00',4,"Vacaciones","Días Pendientes"),
('2021-11-07 15:00:00','2021-11-07 22:00:00',5,"Horas libres","Examen"),
('2021-12-09 08:00:00','2021-12-09 22:00:00',6,"Horas libres","Médico"),
('2021-07-11 08:00:00','2021-07-12 22:00:00',7,"Días libres","Operación Familiar"),
('2021-03-22 09:00:00','2021-03-29 19:00:00',8,"Vacaciones","Días Pendientes"),
('2021-03-20 10:00:00','2021-03-20 22:00:00',9,"Horas libres","Médico"),
('2021-02-19 08:00:00','2021-02-28 23:00:00',10,"Vacaciones","Días Pendientes"),
('2021-05-02 12:00:00','2021-05-02 18:00:00',11,"Horas libres","Médico"),
('2021-06-25 12:00:00','2021-06-26 18:00:00',12,"Días libres","Fiebre"),
('2021-12-17 12:00:00','2021-12-30 17:00:00',13,"Vacaciones","Navidad"),
('2021-03-07 15:00:00','2021-03-07 19:00:00',14,"Horas libres","Examen"),
('2021-07-25 09:00:00','2021-07-26 20:00:00',15,"Días libres","Médico"),
('2021-07-20 08:00:00','2021-07-30 18:00:00',16,"Vacaciones","Verano");